"day","confirmed","tests","deaths","downloaded"
2020-03-20,6,137,1,2022-08-01 17:01:44
2020-03-21,29,473,1,2022-08-01 17:01:44
2020-03-22,57,749,1,2022-08-01 17:01:44
2020-03-23,87,978,2,2022-08-01 17:01:44
2020-03-24,111,1381,3,2022-08-01 17:01:44
2020-03-25,166,2090,4,2022-08-01 17:01:44
2020-03-26,182,2582,6,2022-08-01 17:01:44
2020-03-27,226,3723,6,2022-08-01 17:01:44
2020-03-28,262,4738,7,2022-08-01 17:01:44
2020-03-29,279,5741,7,2022-08-01 17:01:44
2020-03-30,352,7322,7,2022-08-01 17:01:44
2020-03-31,396,8559,10,2022-08-01 17:01:44
2020-04-01,469,11082,10,2022-08-01 17:01:44
2020-04-02,527,13463,10,2022-08-01 17:01:44
2020-04-03,570,15588,12,2022-08-01 17:01:44
2020-04-04,616,17997,14,2022-08-01 17:01:44
2020-04-05,647,20313,17,2022-08-01 17:01:44
2020-04-06,687,21888,23,2022-08-01 17:01:44
2020-04-07,720,24114,23,2022-08-01 17:01:44
2020-04-08,770,26162,24,2022-08-01 17:01:44
2020-04-09,808,29365,26,2022-08-01 17:01:44
2020-04-10,847,32350,27,2022-08-01 17:01:44
2020-04-11,880,35131,28,2022-08-01 17:01:44
2020-04-12,899,35984,30,2022-08-01 17:01:44
2020-04-13,905,36652,31,2022-08-01 17:01:44
2020-04-14,923,38095,35,2022-08-01 17:01:44
2020-04-15,950,41165,35,2022-08-01 17:01:44
2020-04-16,976,45344,37,2022-08-01 17:01:44
2020-04-17,1025,50448,38,2022-08-01 17:01:44
2020-04-18,1118,56023,39,2022-08-01 17:01:44
2020-04-19,1139,59093,42,2022-08-01 17:01:44
2020-04-20,1165,62100,43,2022-08-01 17:01:44
2020-04-21,1187,67517,44,2022-08-01 17:01:44
2020-04-22,1205,74095,44,2022-08-01 17:01:44
2020-04-23,1221,81178,45,2022-08-01 17:01:44
2020-04-24,1234,88641,46,2022-08-01 17:01:44
2020-04-25,1245,95666,48,2022-08-01 17:01:44
2020-04-26,1260,99300,49,2022-08-01 17:01:44
2020-04-27,1262,101985,51,2022-08-01 17:01:44
2020-04-28,1291,107699,53,2022-08-01 17:01:44
2020-04-29,1310,114188,54,2022-08-01 17:01:44
2020-04-30,1316,122181,55,2022-08-01 17:01:44
2020-05-01,1320,128885,56,2022-08-01 17:01:44
2020-05-02,1327,132295,57,2022-08-01 17:01:44
2020-05-03,1334,134796,57,2022-08-01 17:01:44
2020-05-04,1338,138465,57,2022-08-01 17:01:44
2020-05-05,1345,144809,59,2022-08-01 17:01:44
2020-05-06,1349,151722,60,2022-08-01 17:01:44
2020-05-07,1360,160040,61,2022-08-01 17:01:44
2020-05-08,1385,167755,63,2022-08-01 17:01:44
2020-05-09,1399,173920,65,2022-08-01 17:01:44
2020-05-10,1408,176453,65,2022-08-01 17:01:44
2020-05-11,1417,180250,68,2022-08-01 17:01:44
2020-05-12,1430,186937,69,2022-08-01 17:01:44
2020-05-13,1439,194527,69,2022-08-01 17:01:44
2020-05-14,1451,202364,74,2022-08-01 17:01:44
2020-05-15,1465,210504,76,2022-08-01 17:01:44
2020-05-16,1475,216736,78,2022-08-01 17:01:44
2020-05-17,1481,219463,80,2022-08-01 17:01:44
2020-05-18,1493,223689,80,2022-08-01 17:01:44
2020-05-19,1509,231608,81,2022-08-01 17:01:44
2020-05-20,1524,238850,81,2022-08-01 17:01:44
2020-05-21,1536,245311,82,2022-08-01 17:01:44
2020-05-22,1547,250364,84,2022-08-01 17:01:44
2020-05-23,1557,254520,85,2022-08-01 17:01:44
2020-05-24,1563,256619,86,2022-08-01 17:01:44
2020-05-25,1570,260398,88,2022-08-01 17:01:44
2020-05-26,1575,265536,89,2022-08-01 17:01:44
2020-05-27,1585,272059,91,2022-08-01 17:01:44
2020-05-28,1592,278557,91,2022-08-01 17:01:44
2020-05-29,1601,283945,93,2022-08-01 17:01:44
2020-05-30,1605,288788,93,2022-08-01 17:01:44
2020-05-31,1611,290945,94,2022-08-01 17:01:44
2020-06-01,1614,294314,94,2022-08-01 17:01:44
2020-06-02,1617,300366,94,2022-08-01 17:01:44
2020-06-03,1622,306328,94,2022-08-01 17:01:44
2020-06-04,1630,311229,94,2022-08-01 17:01:44
2020-06-05,1643,315995,95,2022-08-01 17:01:44
2020-06-06,1649,318934,96,2022-08-01 17:01:44
2020-06-07,1655,321136,98,2022-08-01 17:01:44
2020-06-08,1660,324452,99,2022-08-01 17:01:44
2020-06-09,1678,329450,99,2022-08-01 17:01:44
2020-06-10,1686,334733,99,2022-08-01 17:01:44
2020-06-11,1691,339563,100,2022-08-01 17:01:44
2020-06-12,1693,343953,100,2022-08-01 17:01:44
2020-06-13,1701,347360,101,2022-08-01 17:01:44
2020-06-14,1705,349169,102,2022-08-01 17:01:44
2020-06-15,1706,352179,102,2022-08-01 17:01:44
2020-06-16,1711,357919,102,2022-08-01 17:01:44
2020-06-17,1719,363325,102,2022-08-01 17:01:44
2020-06-18,1721,368417,102,2022-08-01 17:01:44
2020-06-19,1727,372610,103,2022-08-01 17:01:44
2020-06-20,1730,375553,103,2022-08-01 17:01:44
2020-06-21,1731,377283,103,2022-08-01 17:01:44
2020-06-22,1733,380292,105,2022-08-01 17:01:44
2020-06-23,1734,384585,105,2022-08-01 17:01:44
2020-06-24,1735,388765,105,2022-08-01 17:01:44
2020-06-25,1738,391797,105,2022-08-01 17:01:44
2020-06-26,1745,396175,105,2022-08-01 17:01:44
2020-06-27,1745,398765,105,2022-08-01 17:01:44
2020-06-28,1745,400429,105,2022-08-01 17:01:44
2020-06-29,1747,403890,105,2022-08-01 17:01:44
2020-06-30,1752,408853,105,2022-08-01 17:01:44
2020-07-01,1756,413605,107,2022-08-01 17:01:44
2020-07-02,1760,417510,107,2022-08-01 17:01:44
2020-07-03,1766,421176,107,2022-08-01 17:01:44
2020-07-04,1771,423447,107,2022-08-01 17:01:44
2020-07-05,1774,424533,107,2022-08-01 17:01:44
2020-07-06,1778,425534,107,2022-08-01 17:01:44
2020-07-07,1786,427868,108,2022-08-01 17:01:44
2020-07-08,1789,431462,108,2022-08-01 17:01:44
2020-07-09,1796,434960,108,2022-08-01 17:01:44
2020-07-10,1800,438607,108,2022-08-01 17:01:44
2020-07-11,1802,440393,108,2022-08-01 17:01:44
2020-07-12,1805,441423,108,2022-08-01 17:01:44
2020-07-13,1810,443528,109,2022-08-01 17:01:44
2020-07-14,1831,446609,109,2022-08-01 17:01:44
2020-07-15,1836,449661,109,2022-08-01 17:01:44
2020-07-16,1843,453147,109,2022-08-01 17:01:44
2020-07-17,1857,456133,110,2022-08-01 17:01:44
2020-07-18,1873,457801,110,2022-08-01 17:01:44
2020-07-19,1880,458922,110,2022-08-01 17:01:44
2020-07-20,1885,460309,110,2022-08-01 17:01:44
2020-07-21,1888,461273,110,2022-08-01 17:01:44
2020-07-22,1891,461972,110,2022-08-01 17:01:44
2020-07-23,1895,462563,110,2022-08-01 17:01:44
2020-07-24,1899,463154,111,2022-08-01 17:01:44
2020-07-25,1903,463411,111,2022-08-01 17:01:44
2020-07-26,1907,463681,112,2022-08-01 17:01:44
2020-07-27,1911,464149,112,2022-08-01 17:01:44
2020-07-28,1932,465965,112,2022-08-01 17:01:44
2020-07-29,2007,471574,112,2022-08-01 17:01:44
2020-07-30,2015,476560,112,2022-08-01 17:01:44
2020-07-31,2031,481427,112,2022-08-01 17:01:44
2020-08-01,2049,483877,112,2022-08-01 17:01:44
2020-08-02,2056,485448,112,2022-08-01 17:01:44
2020-08-03,2070,487969,113,2022-08-01 17:01:44
2020-08-04,2088,491481,115,2022-08-01 17:01:44
2020-08-05,2117,495733,115,2022-08-01 17:01:44
2020-08-06,2136,499898,115,2022-08-01 17:01:44
2020-08-07,2170,504010,116,2022-08-01 17:01:44
2020-08-08,2191,506285,116,2022-08-01 17:01:44
2020-08-09,2206,507858,117,2022-08-01 17:01:44
2020-08-10,2231,511254,117,2022-08-01 17:01:44
2020-08-11,2265,515064,117,2022-08-01 17:01:44
2020-08-12,2281,518574,117,2022-08-01 17:01:44
2020-08-13,2316,522620,117,2022-08-01 17:01:44
2020-08-14,2351,527681,117,2022-08-01 17:01:44
2020-08-15,2383,531134,117,2022-08-01 17:01:44
2020-08-16,2414,532504,117,2022-08-01 17:01:44
2020-08-17,2428,535377,117,2022-08-01 17:01:44
2020-08-18,2466,539430,117,2022-08-01 17:01:44
2020-08-19,2503,543488,118,2022-08-01 17:01:44
2020-08-20,2533,547305,120,2022-08-01 17:01:44
2020-08-21,2574,552141,121,2022-08-01 17:01:44
2020-08-22,2620,555413,121,2022-08-01 17:01:44
2020-08-23,2642,557177,122,2022-08-01 17:01:44
2020-08-24,2663,560149,122,2022-08-01 17:01:44
2020-08-25,2705,564416,122,2022-08-01 17:01:44
2020-08-26,2749,569512,123,2022-08-01 17:01:44
2020-08-27,2775,574693,124,2022-08-01 17:01:44
2020-08-28,2811,579830,124,2022-08-01 17:01:44
2020-08-29,2847,583263,124,2022-08-01 17:01:44
2020-08-30,2864,585029,124,2022-08-01 17:01:44
2020-08-31,2889,588633,124,2022-08-01 17:01:44
2020-09-01,2920,593125,124,2022-08-01 17:01:44
2020-09-02,2946,597722,125,2022-08-01 17:01:44
2020-09-03,2980,601732,126,2022-08-01 17:01:44
2020-09-04,3020,606894,126,2022-08-01 17:01:44
2020-09-05,3061,609760,127,2022-08-01 17:01:44
2020-09-06,3073,610934,127,2022-08-01 17:01:44
2020-09-07,3103,614035,128,2022-08-01 17:01:44
2020-09-08,3144,618673,128,2022-08-01 17:01:44
2020-09-09,3183,624258,128,2022-08-01 17:01:44
2020-09-10,3230,629249,130,2022-08-01 17:01:44
2020-09-11,3296,634495,130,2022-08-01 17:01:44
2020-09-12,3348,637398,131,2022-08-01 17:01:44
2020-09-13,3365,638981,132,2022-08-01 17:01:44
2020-09-14,3391,642072,132,2022-08-01 17:01:44
2020-09-15,3448,647443,132,2022-08-01 17:01:44
2020-09-16,3510,652826,134,2022-08-01 17:01:44
2020-09-17,3597,658276,135,2022-08-01 17:01:44
2020-09-18,3695,663407,135,2022-08-01 17:01:44
2020-09-19,3781,666894,135,2022-08-01 17:01:44
2020-09-20,3827,668729,136,2022-08-01 17:01:44
2020-09-21,3858,672328,136,2022-08-01 17:01:44
2020-09-22,3990,677611,138,2022-08-01 17:01:44
2020-09-23,4125,683842,143,2022-08-01 17:01:44
2020-09-24,4210,689865,143,2022-08-01 17:01:44
2020-09-25,4360,696082,145,2022-08-01 17:01:44
2020-09-26,4491,700360,147,2022-08-01 17:01:44
2020-09-27,4544,702352,149,2022-08-01 17:01:44
2020-09-28,4613,706190,150,2022-08-01 17:01:44
2020-09-29,4758,712328,150,2022-08-01 17:01:44
2020-09-30,4900,718953,150,2022-08-01 17:01:44
2020-10-01,5033,725074,152,2022-08-01 17:01:44
2020-10-02,5154,732442,154,2022-08-01 17:01:44
2020-10-03,5281,736841,158,2022-08-01 17:01:44
2020-10-04,5381,740009,159,2022-08-01 17:01:44
2020-10-05,5463,744421,163,2022-08-01 17:01:44
2020-10-06,5635,750771,165,2022-08-01 17:01:44
2020-10-07,5754,757631,168,2022-08-01 17:01:44
2020-10-08,5965,765600,170,2022-08-01 17:01:44
2020-10-09,6153,773144,172,2022-08-01 17:01:44
2020-10-10,6310,778609,174,2022-08-01 17:01:44
2020-10-11,6433,781833,175,2022-08-01 17:01:44
2020-10-12,6541,787543,176,2022-08-01 17:01:44
2020-10-13,6785,795289,181,2022-08-01 17:01:44
2020-10-14,7030,803888,182,2022-08-01 17:01:44
2020-10-15,7309,812359,186,2022-08-01 17:01:44
2020-10-16,7596,821152,188,2022-08-01 17:01:44
2020-10-17,7876,826772,191,2022-08-01 17:01:44
2020-10-18,8086,830347,193,2022-08-01 17:01:44
2020-10-19,8296,835504,198,2022-08-01 17:01:44
2020-10-20,8759,844648,204,2022-08-01 17:01:44
2020-10-21,9230,854615,212,2022-08-01 17:01:44
2020-10-22,9698,863614,217,2022-08-01 17:01:44
2020-10-23,10248,873803,220,2022-08-01 17:01:44
2020-10-24,10839,881055,228,2022-08-01 17:01:44
2020-10-25,11460,885656,232,2022-08-01 17:01:44
2020-10-26,11906,891761,243,2022-08-01 17:01:44
2020-10-27,12919,902513,255,2022-08-01 17:01:44
2020-10-28,13733,913632,266,2022-08-01 17:01:44
2020-10-29,14788,925475,274,2022-08-01 17:01:44
2020-10-30,15698,936130,283,2022-08-01 17:01:44
2020-10-31,16878,945388,293,2022-08-01 17:01:44
2020-11-01,17497,949674,301,2022-08-01 17:01:44
2020-11-02,18245,955217,316,2022-08-01 17:01:44
2020-11-03,19004,962968,329,2022-08-01 17:01:44
2020-11-04,20409,975473,338,2022-08-01 17:01:44
2020-11-05,21844,987715,350,2022-08-01 17:01:44
2020-11-06,23527,1001844,370,2022-08-01 17:01:44
2020-11-07,25123,1012914,391,2022-08-01 17:01:44
2020-11-08,26313,1019544,409,2022-08-01 17:01:44
2020-11-09,27373,1027884,434,2022-08-01 17:01:44
2020-11-10,28942,1040464,455,2022-08-01 17:01:44
2020-11-11,30484,1053025,477,2022-08-01 17:01:44
2020-11-12,32375,1067029,510,2022-08-01 17:01:44
2020-11-13,34108,1081273,536,2022-08-01 17:01:44
2020-11-14,35480,1090565,567,2022-08-01 17:01:44
2020-11-15,36580,1097359,595,2022-08-01 17:01:44
2020-11-16,37681,1105663,632,2022-08-01 17:01:44
2020-11-17,39663,1118285,669,2022-08-01 17:01:44
2020-11-18,41325,1130373,705,2022-08-01 17:01:44
2020-11-19,43641,1144608,746,2022-08-01 17:01:44
2020-11-20,45737,1159010,787,2022-08-01 17:01:44
2020-11-21,47916,1171064,842,2022-08-01 17:01:44
2020-11-22,49050,1176628,893,2022-08-01 17:01:44
2020-11-23,50389,1184998,934,2022-08-01 17:01:44
2020-11-24,52780,1199840,985,2022-08-01 17:01:44
2020-11-25,54881,1212929,1032,2022-08-01 17:01:44
2020-11-26,57258,1227679,1071,2022-08-01 17:01:44
2020-11-27,59381,1242218,1119,2022-08-01 17:01:44
2020-11-28,61297,1252955,1170,2022-08-01 17:01:44
2020-11-29,62497,1258206,1220,2022-08-01 17:01:44
2020-11-30,63766,1266134,1273,2022-08-01 17:01:44
2020-12-01,66008,1278294,1340,2022-08-01 17:01:44
2020-12-02,68629,1293114,1389,2022-08-01 17:01:44
2020-12-03,71080,1307351,1457,2022-08-01 17:01:44
2020-12-04,73950,1322067,1522,2022-08-01 17:01:44
2020-12-05,76258,1331856,1576,2022-08-01 17:01:44
2020-12-06,77683,1337842,1653,2022-08-01 17:01:44
2020-12-07,79059,1345653,1712,2022-08-01 17:01:44
2020-12-08,82350,1360250,1778,2022-08-01 17:01:44
2020-12-09,85614,1375634,1829,2022-08-01 17:01:44
2020-12-10,88643,1390399,1907,2022-08-01 17:01:44
2020-12-11,92401,1407450,1986,2022-08-01 17:01:44
2020-12-12,95309,1419102,2083,2022-08-01 17:01:44
2020-12-13,96689,1424192,2140,2022-08-01 17:01:44
2020-12-14,98772,1434012,2232,2022-08-01 17:01:44
2020-12-15,102169,1449338,2303,2022-08-01 17:01:44
2020-12-16,105620,1464759,2402,2022-08-01 17:01:44
2020-12-17,109164,1480866,2477,2022-08-01 17:01:44
2020-12-18,113132,1498404,2570,2022-08-01 17:01:44
2020-12-19,116046,1509052,2632,2022-08-01 17:01:44
2020-12-20,117803,1516117,2719,2022-08-01 17:01:44
2020-12-21,120113,1526288,2821,2022-08-01 17:01:44
2020-12-22,123991,1544555,2911,2022-08-01 17:01:44
2020-12-23,127646,1560448,3000,2022-08-01 17:01:44
2020-12-24,130622,1571510,3080,2022-08-01 17:01:44
2020-12-25,132395,1577381,3169,2022-08-01 17:01:44
2020-12-26,134219,1583126,3259,2022-08-01 17:01:44
2020-12-27,135799,1588608,3332,2022-08-01 17:01:44
2020-12-28,138314,1599015,3409,2022-08-01 17:01:44
2020-12-29,141792,1614282,3495,2022-08-01 17:01:44
2020-12-30,145051,1628110,3588,2022-08-01 17:01:44
2020-12-31,147861,1641365,3668,2022-08-01 17:01:44
2021-01-01,149104,1646426,3754,2022-08-01 17:01:44
2021-01-02,150528,1653046,3842,2022-08-01 17:01:44
2021-01-03,151718,1658677,3923,2022-08-01 17:01:44
2021-01-04,153762,1669583,3993,2022-08-01 17:01:44
2021-01-05,156557,1686815,4056,2022-08-01 17:01:44
2021-01-06,158855,1702398,4129,2022-08-01 17:01:44
2021-01-07,160826,1716164,4197,2022-08-01 17:01:44
2021-01-08,162530,1729823,4272,2022-08-01 17:01:44
2021-01-09,163988,1739316,4331,2022-08-01 17:01:44
2021-01-10,164620,1743955,4406,2022-08-01 17:01:44
2021-01-11,165827,1752997,4474,2022-08-01 17:01:44
2021-01-12,167606,1766745,4542,2022-08-01 17:01:44
2021-01-13,168892,1778156,4617,2022-08-01 17:01:44
2021-01-14,170078,1789646,4669,2022-08-01 17:01:44
2021-01-15,171224,1800230,4737,2022-08-01 17:01:44
2021-01-16,172001,1806830,4798,2022-08-01 17:01:44
2021-01-17,172451,1810942,4849,2022-08-01 17:01:44
2021-01-18,173281,1818337,4900,2022-08-01 17:01:44
2021-01-19,174496,1829136,4956,2022-08-01 17:01:44
2021-01-20,175744,1840235,5020,2022-08-01 17:01:44
2021-01-21,176767,1850933,5080,2022-08-01 17:01:44
2021-01-22,177784,1861007,5136,2022-08-01 17:01:44
2021-01-23,178550,1867732,5189,2022-08-01 17:01:44
2021-01-24,179029,1871602,5238,2022-08-01 17:01:44
2021-01-25,179821,1879654,5273,2022-08-01 17:01:44
2021-01-26,181121,1891335,5337,2022-08-01 17:01:44
2021-01-27,182052,1902396,5399,2022-08-01 17:01:44
2021-01-28,182893,1912198,5448,2022-08-01 17:01:44
2021-01-29,183662,1921064,5499,2022-08-01 17:01:44
2021-01-30,184447,1927962,5545,2022-08-01 17:01:44
2021-01-31,184753,1930814,5590,2022-08-01 17:01:44
2021-02-01,185398,1938937,5639,2022-08-01 17:01:44
2021-02-02,186156,1947763,5682,2022-08-01 17:01:44
2021-02-03,186875,1957305,5715,2022-08-01 17:01:44
2021-02-04,187523,1965485,5761,2022-08-01 17:01:44
2021-02-05,188211,1974236,5802,2022-08-01 17:01:44
2021-02-06,188635,1978744,5842,2022-08-01 17:01:44
2021-02-07,188924,1981648,5888,2022-08-01 17:01:44
2021-02-08,189402,1988435,5937,2022-08-01 17:01:44
2021-02-09,189946,1996142,5972,2022-08-01 17:01:44
2021-02-10,190563,2004789,6017,2022-08-01 17:01:44
2021-02-11,191115,2013024,6048,2022-08-01 17:01:44
2021-02-12,191682,2021673,6084,2022-08-01 17:01:44
2021-02-13,192131,2027738,6118,2022-08-01 17:01:44
2021-02-14,192347,2030725,6150,2022-08-01 17:01:44
2021-02-15,192760,2037656,6179,2022-08-01 17:01:44
2021-02-16,193215,2042752,6218,2022-08-01 17:01:44
2021-02-17,193708,2049840,6250,2022-08-01 17:01:44
2021-02-18,194384,2058476,6286,2022-08-01 17:01:44
2021-02-19,194922,2066237,6319,2022-08-01 17:01:44
2021-02-20,195471,2072783,6339,2022-08-01 17:01:44
2021-02-21,195744,2076496,6366,2022-08-01 17:01:44
2021-02-22,196222,2083477,6392,2022-08-01 17:01:44
2021-02-23,196887,2092466,6418,2022-08-01 17:01:44
2021-02-24,197450,2100531,6439,2022-08-01 17:01:44
2021-02-25,198083,2109517,6470,2022-08-01 17:01:44
2021-02-26,198706,2118801,6497,2022-08-01 17:01:44
2021-02-27,199162,2124966,6531,2022-08-01 17:01:44
2021-02-28,199399,2128276,6552,2022-08-01 17:01:44
2021-03-01,199845,2135954,6583,2022-08-01 17:01:44
2021-03-02,200365,2145438,6619,2022-08-01 17:01:44
2021-03-03,200889,2153735,6649,2022-08-01 17:01:44
2021-03-04,201348,2162131,6677,2022-08-01 17:01:44
2021-03-05,201783,2170593,6706,2022-08-01 17:01:44
2021-03-06,202217,2177167,6726,2022-08-01 17:01:44
2021-03-07,202444,2180356,6746,2022-08-01 17:01:44
2021-03-08,202882,2187926,6775,2022-08-01 17:01:44
2021-03-09,203396,2196603,6799,2022-08-01 17:01:44
2021-03-10,203942,2205732,6825,2022-08-01 17:01:44
2021-03-11,204382,2211485,6850,2022-08-01 17:01:44
2021-03-12,204937,2220411,6880,2022-08-01 17:01:44
2021-03-13,205422,2227405,6908,2022-08-01 17:01:44
2021-03-14,205676,2231118,6935,2022-08-01 17:01:44
2021-03-15,206303,2239211,6953,2022-08-01 17:01:44
2021-03-16,206911,2247652,6970,2022-08-01 17:01:44
2021-03-17,207490,2255831,6993,2022-08-01 17:01:44
2021-03-18,208110,2264715,7021,2022-08-01 17:01:44
2021-03-19,208673,2275977,7051,2022-08-01 17:01:44
2021-03-20,209085,2282734,7078,2022-08-01 17:01:44
2021-03-21,209406,2286733,7097,2022-08-01 17:01:44
2021-03-22,210186,2294990,7120,2022-08-01 17:01:44
2021-03-23,211062,2303977,7143,2022-08-01 17:01:44
2021-03-24,211852,2313125,7164,2022-08-01 17:01:44
2021-03-25,212757,2323501,7188,2022-08-01 17:01:44
2021-03-26,213538,2336805,7214,2022-08-01 17:01:44
2021-03-27,214027,2344350,7240,2022-08-01 17:01:44
2021-03-28,214418,2350422,7259,2022-08-01 17:01:44
2021-03-29,215237,2361546,7278,2022-08-01 17:01:44
2021-03-30,216120,2375341,7294,2022-08-01 17:01:44
2021-03-31,217009,2389944,7311,2022-08-01 17:01:44
2021-04-01,217854,2403010,7332,2022-08-01 17:01:44
2021-04-02,218860,2419820,7349,2022-08-01 17:01:44
2021-04-03,219657,2429242,7365,2022-08-01 17:01:44
2021-04-04,220355,2434217,7382,2022-08-01 17:01:44
2021-04-05,221041,2439721,7400,2022-08-01 17:01:44
2021-04-06,222101,2454379,7420,2022-08-01 17:01:44
2021-04-07,223175,2472275,7442,2022-08-01 17:01:44
2021-04-08,224357,2489930,7468,2022-08-01 17:01:44
2021-04-09,225428,2508613,7491,2022-08-01 17:01:44
2021-04-10,226297,2521020,7519,2022-08-01 17:01:44
2021-04-11,226962,2529227,7543,2022-08-01 17:01:44
2021-04-12,228010,2547407,7566,2022-08-01 17:01:44
2021-04-13,229386,2568502,7578,2022-08-01 17:01:44
2021-04-14,230595,2586696,7603,2022-08-01 17:01:44
2021-04-15,231809,2606544,7618,2022-08-01 17:01:44
2021-04-16,233025,2627304,7647,2022-08-01 17:01:44
2021-04-17,233843,2642217,7662,2022-08-01 17:01:44
2021-04-18,234432,2651765,7689,2022-08-01 17:01:44
2021-04-19,235540,2670712,7714,2022-08-01 17:01:44
2021-04-20,236755,2692588,7739,2022-08-01 17:01:44
2021-04-21,238084,2714112,7766,2022-08-01 17:01:44
2021-04-22,239468,2734161,7794,2022-08-01 17:01:44
2021-04-23,240649,2755463,7813,2022-08-01 17:01:44
2021-04-24,241593,2769321,7836,2022-08-01 17:01:44
2021-04-25,242116,2777716,7855,2022-08-01 17:01:44
2021-04-26,243156,2797713,7886,2022-08-01 17:01:44
2021-04-27,244678,2819373,7914,2022-08-01 17:01:44
2021-04-28,246115,2841693,7937,2022-08-01 17:01:44
2021-04-29,247457,2865095,7958,2022-08-01 17:01:44
2021-04-30,248882,2889555,7984,2022-08-01 17:01:44
2021-05-01,249950,2908736,8012,2022-08-01 17:01:44
2021-05-02,250657,2918989,8033,2022-08-01 17:01:44
2021-05-03,251643,2938701,8066,2022-08-01 17:01:44
2021-05-04,252889,2964932,8088,2022-08-01 17:01:44
2021-05-05,254303,2992034,8109,2022-08-01 17:01:44
2021-05-06,255603,3017951,8141,2022-08-01 17:01:44
2021-05-07,257011,3045116,8161,2022-08-01 17:01:44
2021-05-08,258025,3060616,8182,2022-08-01 17:01:44
2021-05-09,258882,3068384,8207,2022-08-01 17:01:44
2021-05-10,260146,3089540,8228,2022-08-01 17:01:44
2021-05-11,261352,3115094,8247,2022-08-01 17:01:44
2021-05-12,262570,3138923,8266,2022-08-01 17:01:44
2021-05-13,263815,3165152,8291,2022-08-01 17:01:44
2021-05-14,264952,3188300,8311,2022-08-01 17:01:44
2021-05-15,265870,3201671,8340,2022-08-01 17:01:44
2021-05-16,266426,3207629,8360,2022-08-01 17:01:44
2021-05-17,267105,3224773,8383,2022-08-01 17:01:44
2021-05-18,268079,3251921,8408,2022-08-01 17:01:44
2021-05-19,269004,3277470,8429,2022-08-01 17:01:44
2021-05-20,269870,3303072,8449,2022-08-01 17:01:44
2021-05-21,270686,3325721,8471,2022-08-01 17:01:44
2021-05-22,271209,3337786,8494,2022-08-01 17:01:44
2021-05-23,271481,3343363,8520,2022-08-01 17:01:44
2021-05-24,271980,3362197,8544,2022-08-01 17:01:44
2021-05-25,272579,3387758,8565,2022-08-01 17:01:44
2021-05-26,273179,3412076,8584,2022-08-01 17:01:44
2021-05-27,273707,3438843,8594,2022-08-01 17:01:44
2021-05-28,274256,3463396,8619,2022-08-01 17:01:44
2021-05-29,274557,3474726,8636,2022-08-01 17:01:44
2021-05-30,274757,3480924,8655,2022-08-01 17:01:44
2021-05-31,275125,3501089,8675,2022-08-01 17:01:44
2021-06-01,275569,3526846,8684,2022-08-01 17:01:44
2021-06-02,275899,3551656,8699,2022-08-01 17:01:44
2021-06-03,276279,3575319,8709,2022-08-01 17:01:44
2021-06-04,276624,3598497,8723,2022-08-01 17:01:44
2021-06-05,276830,3610456,8735,2022-08-01 17:01:44
2021-06-06,276914,3615880,8751,2022-08-01 17:01:44
2021-06-07,277135,3632735,8767,2022-08-01 17:01:44
2021-06-08,277374,3656501,8783,2022-08-01 17:01:44
2021-06-09,277588,3676975,8798,2022-08-01 17:01:44
2021-06-10,277776,3699683,8810,2022-08-01 17:01:44
2021-06-11,278001,3721350,8822,2022-08-01 17:01:44
2021-06-12,278120,3730120,8831,2022-08-01 17:01:44
2021-06-13,278190,3735019,8843,2022-08-01 17:01:44
2021-06-14,278310,3749528,8852,2022-08-01 17:01:44
2021-06-15,278449,3764123,8865,2022-08-01 17:01:44
2021-06-16,278553,3776462,8876,2022-08-01 17:01:44
2021-06-17,278628,3788146,8882,2022-08-01 17:01:44
2021-06-18,278703,3802610,8891,2022-08-01 17:01:44
2021-06-19,278755,3810311,8896,2022-08-01 17:01:44
2021-06-20,278785,3814280,8902,2022-08-01 17:01:44
2021-06-21,278846,3825071,8911,2022-08-01 17:01:44
2021-06-22,278909,3835386,8917,2022-08-01 17:01:44
2021-06-23,278972,3846231,8925,2022-08-01 17:01:44
2021-06-24,278993,3851353,8934,2022-08-01 17:01:44
2021-06-25,279036,3863458,8936,2022-08-01 17:01:44
2021-06-26,279061,3869901,8943,2022-08-01 17:01:44
2021-06-27,279076,3873897,8947,2022-08-01 17:01:44
2021-06-28,279111,3884873,8953,2022-08-01 17:01:44
2021-06-29,279153,3894978,8958,2022-08-01 17:01:44
2021-06-30,279183,3904591,8965,2022-08-01 17:01:44
2021-07-01,279212,3913405,8969,2022-08-01 17:01:44
2021-07-02,279246,3925233,8975,2022-08-01 17:01:44
2021-07-03,279269,3931981,8980,2022-08-01 17:01:44
2021-07-04,279288,3935261,8983,2022-08-01 17:01:44
2021-07-05,279325,3945662,8986,2022-08-01 17:01:44
2021-07-06,279371,3951232,8994,2022-08-01 17:01:44
2021-07-07,279406,3960417,9000,2022-08-01 17:01:44
2021-07-08,279473,3969578,9003,2022-08-01 17:01:44
2021-07-09,279549,3980571,9007,2022-08-01 17:01:44
2021-07-10,279577,3986542,9010,2022-08-01 17:01:44
2021-07-11,279603,3989884,9014,2022-08-01 17:01:44
2021-07-12,279682,3999640,9018,2022-08-01 17:01:44
2021-07-13,279759,4009056,9022,2022-08-01 17:01:44
2021-07-14,279871,4018154,9027,2022-08-01 17:01:44
2021-07-15,279952,4026626,9030,2022-08-01 17:01:44
2021-07-16,280051,4037428,9037,2022-08-01 17:01:44
2021-07-17,280130,4044454,9038,2022-08-01 17:01:44
2021-07-18,280196,4047919,9040,2022-08-01 17:01:44
2021-07-19,280306,4058083,9045,2022-08-01 17:01:44
2021-07-20,280480,4067311,9047,2022-08-01 17:01:44
2021-07-21,280684,4076994,9049,2022-08-01 17:01:44
2021-07-22,280922,4087549,9051,2022-08-01 17:01:44
2021-07-23,281156,4100661,9054,2022-08-01 17:01:44
2021-07-24,281346,4108585,9054,2022-08-01 17:01:44
2021-07-25,281464,4113418,9057,2022-08-01 17:01:44
2021-07-26,281676,4126882,9060,2022-08-01 17:01:44
2021-07-27,282024,4140556,9064,2022-08-01 17:01:44
2021-07-28,282444,4155610,9066,2022-08-01 17:01:44
2021-07-29,282819,4169150,9074,2022-08-01 17:01:44
2021-07-30,283197,4185310,9076,2022-08-01 17:01:44
2021-07-31,283426,4194573,9079,2022-08-01 17:01:44
2021-08-01,283659,4201063,9081,2022-08-01 17:01:44
2021-08-02,284047,4217367,9083,2022-08-01 17:01:44
2021-08-03,284585,4233454,9087,2022-08-01 17:01:44
2021-08-04,285065,4249821,9089,2022-08-01 17:01:44
2021-08-05,285631,4265450,9091,2022-08-01 17:01:44
2021-08-06,286124,4283384,9094,2022-08-01 17:01:44
2021-08-07,286547,4293478,9097,2022-08-01 17:01:44
2021-08-08,286860,4300247,9101,2022-08-01 17:01:44
2021-08-09,287378,4316734,9106,2022-08-01 17:01:44
2021-08-10,287995,4332964,9113,2022-08-01 17:01:44
2021-08-11,288645,4349134,9116,2022-08-01 17:01:44
2021-08-12,289276,4364685,9123,2022-08-01 17:01:44
2021-08-13,289855,4383078,9129,2022-08-01 17:01:44
2021-08-14,290350,4393635,9134,2022-08-01 17:01:44
2021-08-15,290718,4400205,9141,2022-08-01 17:01:44
2021-08-16,291286,4416353,9149,2022-08-01 17:01:44
2021-08-17,291962,4432612,9154,2022-08-01 17:01:44
2021-08-18,292666,4448282,9159,2022-08-01 17:01:44
2021-08-19,293289,4464471,9168,2022-08-01 17:01:44
2021-08-20,293912,4481374,9180,2022-08-01 17:01:44
2021-08-21,294321,4490735,9188,2022-08-01 17:01:44
2021-08-22,294704,4497208,9200,2022-08-01 17:01:44
2021-08-23,295241,4512738,9207,2022-08-01 17:01:44
2021-08-24,295955,4527348,9215,2022-08-01 17:01:44
2021-08-25,296722,4542029,9230,2022-08-01 17:01:44
2021-08-26,297394,4557083,9243,2022-08-01 17:01:44
2021-08-27,297970,4573469,9253,2022-08-01 17:01:44
2021-08-28,298477,4582532,9264,2022-08-01 17:01:44
2021-08-29,298858,4588430,9282,2022-08-01 17:01:44
2021-08-30,299460,4604227,9294,2022-08-01 17:01:44
2021-08-31,300193,4619749,9309,2022-08-01 17:01:44
2021-09-01,301055,4634256,9323,2022-08-01 17:01:44
2021-09-02,301858,4648550,9338,2022-08-01 17:01:44
2021-09-03,302696,4665241,9349,2022-08-01 17:01:44
2021-09-04,303379,4675117,9359,2022-08-01 17:01:44
2021-09-05,303778,4682447,9368,2022-08-01 17:01:44
2021-09-06,304499,4698165,9379,2022-08-01 17:01:44
2021-09-07,305402,4712283,9395,2022-08-01 17:01:44
2021-09-08,306393,4728308,9415,2022-08-01 17:01:44
2021-09-09,307331,4745888,9432,2022-08-01 17:01:44
2021-09-10,308381,4767372,9453,2022-08-01 17:01:44
2021-09-11,309329,4780391,9478,2022-08-01 17:01:44
2021-09-12,309865,4788870,9508,2022-08-01 17:01:44
2021-09-13,310754,4811054,9519,2022-08-01 17:01:44
2021-09-14,312087,4836654,9544,2022-08-01 17:01:44
2021-09-15,313412,4861563,9560,2022-08-01 17:01:44
2021-09-16,314704,4886276,9577,2022-08-01 17:01:44
2021-09-17,316006,4912436,9601,2022-08-01 17:01:44
2021-09-18,317089,4925810,9626,2022-08-01 17:01:44
2021-09-19,317868,4935672,9659,2022-08-01 17:01:44
2021-09-20,318897,4958801,9684,2022-08-01 17:01:44
2021-09-21,320380,4986340,9700,2022-08-01 17:01:44
2021-09-22,321920,5012705,9725,2022-08-01 17:01:44
2021-09-23,323460,5040893,9756,2022-08-01 17:01:44
2021-09-24,325025,5068391,9777,2022-08-01 17:01:44
2021-09-25,326369,5082983,9797,2022-08-01 17:01:44
2021-09-26,327422,5093614,9836,2022-08-01 17:01:44
2021-09-27,328724,5117491,9863,2022-08-01 17:01:44
2021-09-28,330643,5144852,9901,2022-08-01 17:01:44
2021-09-29,332552,5170529,9934,2022-08-01 17:01:44
2021-09-30,334540,5198000,9968,2022-08-01 17:01:44
2021-10-01,336574,5225761,10004,2022-08-01 17:01:44
2021-10-02,338234,5238875,10048,2022-08-01 17:01:44
2021-10-03,339490,5249065,10093,2022-08-01 17:01:44
2021-10-04,341124,5272073,10123,2022-08-01 17:01:44
2021-10-05,343807,5299727,10155,2022-08-01 17:01:44
2021-10-06,346105,5325226,10190,2022-08-01 17:01:44
2021-10-07,348531,5352299,10228,2022-08-01 17:01:44
2021-10-08,350990,5378583,10272,2022-08-01 17:01:44
2021-10-09,353087,5392738,10311,2022-08-01 17:01:44
2021-10-10,354318,5402491,10361,2022-08-01 17:01:44
2021-10-11,356226,5426292,10396,2022-08-01 17:01:44
2021-10-12,358901,5453113,10446,2022-08-01 17:01:44
2021-10-13,361937,5477997,10505,2022-08-01 17:01:44
2021-10-14,364929,5506244,10550,2022-08-01 17:01:44
2021-10-15,367690,5532307,10596,2022-08-01 17:01:44
2021-10-16,369965,5545973,10648,2022-08-01 17:01:44
2021-10-17,371604,5556140,10688,2022-08-01 17:01:44
2021-10-18,373957,5579597,10734,2022-08-01 17:01:44
2021-10-19,377590,5606649,10770,2022-08-01 17:01:44
2021-10-20,380845,5632839,10823,2022-08-01 17:01:44
2021-10-21,383783,5659957,10884,2022-08-01 17:01:44
2021-10-22,387090,5686048,10929,2022-08-01 17:01:44
2021-10-23,389794,5700974,10978,2022-08-01 17:01:44
2021-10-24,391595,5710984,11021,2022-08-01 17:01:44
2021-10-25,394003,5735388,11073,2022-08-01 17:01:44
2021-10-26,397661,5762568,11126,2022-08-01 17:01:44
2021-10-27,401298,5788186,11194,2022-08-01 17:01:44
2021-10-28,404690,5814449,11262,2022-08-01 17:01:44
2021-10-29,408020,5839804,11309,2022-08-01 17:01:44
2021-10-30,410808,5854254,11374,2022-08-01 17:01:44
2021-10-31,413027,5863932,11431,2022-08-01 17:01:44
2021-11-01,415141,5873116,11473,2022-08-01 17:01:44
2021-11-02,417448,5885198,11544,2022-08-01 17:01:44
2021-11-03,420397,5907276,11607,2022-08-01 17:01:44
2021-11-04,423849,5930662,11670,2022-08-01 17:01:44
2021-11-05,427332,5954684,11724,2022-08-01 17:01:44
2021-11-06,429703,5967772,11783,2022-08-01 17:01:44
2021-11-07,431156,5976966,11820,2022-08-01 17:01:44
2021-11-08,433518,5997718,11879,2022-08-01 17:01:44
2021-11-09,436657,6019029,11935,2022-08-01 17:01:44
2021-11-10,439298,6041658,11986,2022-08-01 17:01:44
2021-11-11,442114,6066253,12031,2022-08-01 17:01:44
2021-11-12,444540,6090336,12077,2022-08-01 17:01:44
2021-11-13,446090,6102949,12128,2022-08-01 17:01:44
2021-11-14,447061,6111125,12177,2022-08-01 17:01:44
2021-11-15,448955,6134764,12236,2022-08-01 17:01:44
2021-11-16,451246,6158483,12285,2022-08-01 17:01:44
2021-11-17,453421,6181282,12334,2022-08-01 17:01:44
2021-11-18,455182,6206056,12367,2022-08-01 17:01:44
2021-11-19,457235,6228698,12423,2022-08-01 17:01:44
2021-11-20,458663,6240562,12467,2022-08-01 17:01:44
2021-11-21,459562,6248438,12516,2022-08-01 17:01:44
2021-11-22,461346,6270758,12559,2022-08-01 17:01:44
2021-11-23,463690,6293968,12596,2022-08-01 17:01:44
2021-11-24,465708,6316178,12637,2022-08-01 17:01:44
2021-11-25,467761,6340029,12672,2022-08-01 17:01:44
2021-11-26,469852,6362739,12712,2022-08-01 17:01:44
2021-11-27,471243,6374535,12756,2022-08-01 17:01:44
2021-11-28,471931,6382297,12803,2022-08-01 17:01:44
2021-11-29,473716,6408302,12842,2022-08-01 17:01:44
2021-11-30,475655,6435006,12877,2022-08-01 17:01:44
2021-12-01,477673,6454146,12928,2022-08-01 17:01:44
2021-12-02,479852,6472083,12966,2022-08-01 17:01:44
2021-12-03,481912,6488450,13003,2022-08-01 17:01:44
2021-12-04,483449,6496982,13038,2022-08-01 17:01:44
2021-12-05,484250,6502121,13073,2022-08-01 17:01:44
2021-12-06,486116,6520013,13108,2022-08-01 17:01:44
2021-12-07,488214,6542661,13137,2022-08-01 17:01:44
2021-12-08,489991,6562845,13184,2022-08-01 17:01:44
2021-12-09,491772,6583744,13208,2022-08-01 17:01:44
2021-12-10,493573,6602732,13244,2022-08-01 17:01:44
2021-12-11,495017,6611909,13285,2022-08-01 17:01:44
2021-12-12,495855,6617477,13328,2022-08-01 17:01:44
2021-12-13,497398,6635442,13373,2022-08-01 17:01:44
2021-12-14,499628,6657436,13413,2022-08-01 17:01:44
2021-12-15,501593,6677578,13449,2022-08-01 17:01:44
2021-12-16,503323,6697064,13481,2022-08-01 17:01:44
2021-12-17,505088,6715451,13521,2022-08-01 17:01:44
2021-12-18,506504,6724949,13569,2022-08-01 17:01:44
2021-12-19,507153,6730119,13617,2022-08-01 17:01:44
2021-12-20,508638,6749422,13660,2022-08-01 17:01:44
2021-12-21,510463,6769923,13706,2022-08-01 17:01:44
2021-12-22,512177,6791735,13743,2022-08-01 17:01:44
2021-12-23,513819,6809295,13783,2022-08-01 17:01:44
2021-12-24,515251,6818049,13814,2022-08-01 17:01:44
2021-12-25,516006,6822791,13854,2022-08-01 17:01:44
2021-12-26,516685,6828004,13892,2022-08-01 17:01:44
2021-12-27,518359,6844111,13929,2022-08-01 17:01:44
2021-12-28,520486,6860222,13974,2022-08-01 17:01:44
2021-12-29,522350,6874565,14010,2022-08-01 17:01:44
2021-12-30,524426,6890357,14041,2022-08-01 17:01:44
2021-12-31,526627,6905983,14075,2022-08-01 17:01:44
2022-01-01,527905,6911744,14107,2022-08-01 17:01:44
2022-01-02,529211,6919029,14140,2022-08-01 17:01:44
2022-01-03,531686,6938257,14173,2022-08-01 17:01:44
2022-01-04,535176,6959065,14206,2022-08-01 17:01:44
2022-01-05,538618,6978647,14249,2022-08-01 17:01:44
2022-01-06,542455,6999461,14265,2022-08-01 17:01:44
2022-01-07,546313,7022814,14299,2022-08-01 17:01:44
2022-01-08,549284,7037665,14325,2022-08-01 17:01:44
2022-01-09,551187,7047172,14351,2022-08-01 17:01:44
2022-01-10,554245,7071119,14373,2022-08-01 17:01:44
2022-01-11,559594,7099480,14396,2022-08-01 17:01:44
2022-01-12,564180,7125928,14442,2022-08-01 17:01:44
2022-01-13,568736,7152421,14477,2022-08-01 17:01:44
2022-01-14,573483,7177368,14513,2022-08-01 17:01:44
2022-01-15,577587,7192660,14542,2022-08-01 17:01:44
2022-01-16,580747,7202789,14566,2022-08-01 17:01:44
2022-01-17,586196,7228119,14596,2022-08-01 17:01:44
2022-01-18,593341,7256306,14626,2022-08-01 17:01:44
2022-01-19,601382,7285182,14664,2022-08-01 17:01:44
2022-01-20,609125,7313656,14700,2022-08-01 17:01:44
2022-01-21,617324,7341144,14735,2022-08-01 17:01:44
2022-01-22,623752,7357490,14760,2022-08-01 17:01:44
2022-01-23,628369,7370204,14779,2022-08-01 17:01:44
2022-01-24,634928,7394577,14817,2022-08-01 17:01:44
2022-01-25,646762,7427547,14849,2022-08-01 17:01:44
2022-01-26,659555,7460188,14881,2022-08-01 17:01:44
2022-01-27,673033,7495254,14918,2022-08-01 17:01:44
2022-01-28,686346,7529021,14946,2022-08-01 17:01:44
2022-01-29,697855,7553207,14976,2022-08-01 17:01:44
2022-01-30,705157,7569267,15014,2022-08-01 17:01:44
2022-01-31,715473,7598026,15048,2022-08-01 17:01:44
2022-02-01,730244,7632237,15089,2022-08-01 17:01:44
2022-02-02,745656,7666903,15124,2022-08-01 17:01:44
2022-02-03,760532,7699794,15161,2022-08-01 17:01:44
2022-02-04,775254,7731720,15203,2022-08-01 17:01:44
2022-02-05,786157,7752598,15237,2022-08-01 17:01:44
2022-02-06,794045,7768807,15279,2022-08-01 17:01:44
2022-02-07,804299,7792211,15310,2022-08-01 17:01:44
2022-02-08,818478,7820802,15352,2022-08-01 17:01:44
2022-02-09,830964,7845769,15386,2022-08-01 17:01:44
2022-02-10,843041,7871173,15442,2022-08-01 17:01:44
2022-02-11,854680,7895706,15494,2022-08-01 17:01:44
2022-02-12,863959,7913420,15541,2022-08-01 17:01:44
2022-02-13,869034,7924232,15584,2022-08-01 17:01:44
2022-02-14,876594,7941547,15655,2022-08-01 17:01:44
2022-02-15,887067,7962611,15699,2022-08-01 17:01:44
2022-02-16,894808,7976779,15737,2022-08-01 17:01:44
2022-02-17,901786,7992531,15768,2022-08-01 17:01:44
2022-02-18,911275,8011895,15811,2022-08-01 17:01:44
2022-02-19,918116,8024932,15857,2022-08-01 17:01:44
2022-02-20,922283,8033557,15911,2022-08-01 17:01:44
2022-02-21,929306,8049457,15958,2022-08-01 17:01:44
2022-02-22,938418,8068591,16000,2022-08-01 17:01:44
2022-02-23,946309,8085813,16061,2022-08-01 17:01:44
2022-02-24,953097,8100200,16125,2022-08-01 17:01:44
2022-02-25,959176,8113981,16171,2022-08-01 17:01:44
2022-02-26,963421,8123247,16234,2022-08-01 17:01:44
2022-02-27,965872,8128965,16281,2022-08-01 17:01:44
2022-02-28,971463,8142183,16348,2022-08-01 17:01:44
2022-03-01,978453,8157137,16395,2022-08-01 17:01:44
2022-03-02,984884,8170758,16449,2022-08-01 17:01:44
2022-03-03,990996,8183460,16502,2022-08-01 17:01:44
2022-03-04,996635,8196130,16560,2022-08-01 17:01:44
2022-03-05,1000473,8204360,16600,2022-08-01 17:01:44
2022-03-06,1003125,8210014,16649,2022-08-01 17:01:44
2022-03-07,1008934,8223371,16709,2022-08-01 17:01:44
2022-03-08,1016340,8238493,16759,2022-08-01 17:01:44
2022-03-09,1023288,8252202,16800,2022-08-01 17:01:44
2022-03-10,1029592,8265009,16832,2022-08-01 17:01:44
2022-03-11,1032882,8271689,16879,2022-08-01 17:01:44
2022-03-12,1035958,8278753,16925,2022-08-01 17:01:44
2022-03-13,1038587,8284989,16971,2022-08-01 17:01:44
2022-03-14,1044508,8298749,17015,2022-08-01 17:01:44
2022-03-15,1051632,8313981,17059,2022-08-01 17:01:44
2022-03-16,1057892,8327984,17106,2022-08-01 17:01:44
2022-03-17,1063327,8340025,17132,2022-08-01 17:01:44
2022-03-18,1068640,8352433,17177,2022-08-01 17:01:44
2022-03-19,1071844,8360121,17211,2022-08-01 17:01:44
2022-03-20,1074108,8365677,17245,2022-08-01 17:01:44
2022-03-21,1078686,8377726,17293,2022-08-01 17:01:44
2022-03-22,1084293,8391381,17341,2022-08-01 17:01:44
2022-03-23,1088831,8402860,17384,2022-08-01 17:01:44
2022-03-24,1093017,8413642,17425,2022-08-01 17:01:44
2022-03-25,1096690,8423477,17463,2022-08-01 17:01:44
2022-03-26,1099114,8430382,17514,2022-08-01 17:01:44
2022-03-27,1100399,8434263,17557,2022-08-01 17:01:44
2022-03-28,1103594,8444327,17591,2022-08-01 17:01:44
2022-03-29,1107334,8455577,17623,2022-08-01 17:01:44
2022-03-30,1110803,8465947,17653,2022-08-01 17:01:44
2022-03-31,1113808,8475500,17691,2022-08-01 17:01:44
2022-04-01,1116207,8483723,17731,2022-08-01 17:01:44
2022-04-02,1117988,8489599,17768,2022-08-01 17:01:44
2022-04-03,1118916,8493341,17796,2022-08-01 17:01:44
2022-04-04,1121144,8502443,17837,2022-08-01 17:01:44
2022-04-05,1123668,8512297,17877,2022-08-01 17:01:44
2022-04-06,1125639,8520761,17899,2022-08-01 17:01:44
2022-04-07,1127456,8528346,17948,2022-08-01 17:01:44
2022-04-08,1129298,8535655,17971,2022-08-01 17:01:44
2022-04-09,1130302,8540341,18003,2022-08-01 17:01:44
2022-04-10,1131033,8543974,18037,2022-08-01 17:01:44
2022-04-11,1132729,8552040,18060,2022-08-01 17:01:44
2022-04-12,1134575,8560657,18099,2022-08-01 17:01:44
2022-04-13,1136089,8568300,18127,2022-08-01 17:01:44
2022-04-14,1137471,8575004,18150,2022-08-01 17:01:44
2022-04-15,1138855,8581505,18179,2022-08-01 17:01:44
2022-04-16,1139639,8585291,18203,2022-08-01 17:01:44
2022-04-17,1140124,8588227,18231,2022-08-01 17:01:44
2022-04-18,1140601,8591560,18267,2022-08-01 17:01:44
2022-04-19,1141856,8599582,18297,2022-08-01 17:01:44
2022-04-20,1143245,8607393,18334,2022-08-01 17:01:44
2022-04-21,1144415,8614165,18360,2022-08-01 17:01:44
2022-04-22,1145293,8619683,18378,2022-08-01 17:01:44
2022-04-23,1145802,8623552,18411,2022-08-01 17:01:44
2022-04-24,1146099,8626199,18441,2022-08-01 17:01:44
2022-04-25,1147008,8633193,18467,2022-08-01 17:01:44
2022-04-26,1148002,8640185,18491,2022-08-01 17:01:44
2022-04-27,1148748,8645971,18521,2022-08-01 17:01:44
2022-04-28,1149395,8650889,18544,2022-08-01 17:01:44
2022-04-29,1149993,8655786,18565,2022-08-01 17:01:44
2022-04-30,1150264,8658771,18589,2022-08-01 17:01:44
2022-05-01,1150382,8660541,18610,2022-08-01 17:01:44
2022-05-02,1150650,8663522,18631,2022-08-01 17:01:44
2022-05-03,1150900,8665506,18645,2022-08-01 17:01:44
2022-05-04,1151115,8667359,18660,2022-08-01 17:01:44
2022-05-05,1151312,8669206,18680,2022-08-01 17:01:44
2022-05-06,1151530,8671129,18699,2022-08-01 17:01:44
2022-05-07,1151567,8671854,18716,2022-08-01 17:01:44
2022-05-08,1151585,8672362,18724,2022-08-01 17:01:44
2022-05-09,1151887,8674801,18737,2022-08-01 17:01:44
2022-05-10,1152124,8676508,18749,2022-08-01 17:01:44
2022-05-11,1152359,8678198,18758,2022-08-01 17:01:44
2022-05-12,1152528,8679707,18771,2022-08-01 17:01:44
2022-05-13,1152712,8681433,18784,2022-08-01 17:01:44
2022-05-14,1152747,8682205,18794,2022-08-01 17:01:44
2022-05-15,1152768,8682711,18799,2022-08-01 17:01:44
2022-05-16,1153053,8684772,18806,2022-08-01 17:01:44
2022-05-17,1153258,8686349,18817,2022-08-01 17:01:44
2022-05-18,1153442,8687749,18830,2022-08-01 17:01:44
2022-05-19,1153586,8689087,18840,2022-08-01 17:01:44
2022-05-20,1153751,8690532,18847,2022-08-01 17:01:44
2022-05-21,1153786,8691199,18856,2022-08-01 17:01:44
2022-05-22,1153803,8691715,18863,2022-08-01 17:01:44
2022-05-23,1154054,8693357,18873,2022-08-01 17:01:44
2022-05-24,1154219,8694700,18884,2022-08-01 17:01:44
2022-05-25,1154388,8695958,18887,2022-08-01 17:01:44
2022-05-26,1154518,8697261,18892,2022-08-01 17:01:44
2022-05-27,1154667,8698771,18901,2022-08-01 17:01:44
2022-05-28,1154694,8699450,18910,2022-08-01 17:01:44
2022-05-29,1154707,8699818,18917,2022-08-01 17:01:44
2022-05-30,1154914,8701470,18924,2022-08-01 17:01:44
2022-05-31,1155082,8702740,18928,2022-08-01 17:01:44
2022-06-01,1155246,8703879,18935,2022-08-01 17:01:44
2022-06-02,1155399,8705031,18945,2022-08-01 17:01:44
2022-06-03,1155539,8706053,18950,2022-08-01 17:01:44
2022-06-04,1155571,8706470,18952,2022-08-01 17:01:44
2022-06-05,1155584,8706803,18956,2022-08-01 17:01:44
2022-06-06,1155804,8708069,18960,2022-08-01 17:01:44
2022-06-07,1156022,8709144,18965,2022-08-01 17:01:44
2022-06-08,1156229,8710197,18973,2022-08-01 17:01:44
2022-06-09,1156452,8711249,18977,2022-08-01 17:01:44
2022-06-10,1156635,8712227,18983,2022-08-01 17:01:44
2022-06-11,1156671,8712728,18986,2022-08-01 17:01:44
2022-06-12,1156694,8712971,18994,2022-08-01 17:01:44
2022-06-13,1156982,8714242,18999,2022-08-01 17:01:44
2022-06-14,1157250,8715197,19009,2022-08-01 17:01:44
2022-06-15,1157494,8716173,19012,2022-08-01 17:01:44
2022-06-16,1157691,8717025,19015,2022-08-01 17:01:44
2022-06-17,1157930,8717969,19018,2022-08-01 17:01:44
2022-06-18,1157975,8718242,19024,2022-08-01 17:01:44
2022-06-19,1158000,8718490,19031,2022-08-01 17:01:44
2022-06-20,1158399,8719812,19034,2022-08-01 17:01:44
2022-06-21,1158733,8720782,19039,2022-08-01 17:01:44
2022-06-22,1159090,8721906,19045,2022-08-01 17:01:44
2022-06-23,1159426,8722896,19049,2022-08-01 17:01:44
2022-06-24,1159467,8723082,19052,2022-08-01 17:01:44
2022-06-25,1159533,8723414,19055,2022-08-01 17:01:44
2022-06-26,1159589,8723663,19063,2022-08-01 17:01:44
2022-06-27,1160234,8725289,19072,2022-08-01 17:01:44
2022-06-28,1160709,8726550,19079,2022-08-01 17:01:44
2022-06-29,1161163,8727727,19085,2022-08-01 17:01:44
2022-06-30,1161588,8728862,19091,2022-08-01 17:01:44
2022-07-01,1162096,8730119,19098,2022-08-01 17:01:44
2022-07-02,1162158,8730434,19103,2022-08-01 17:01:44
2022-07-03,1162213,8730693,19106,2022-08-01 17:01:44
2022-07-04,1162877,8732228,19107,2022-08-01 17:01:44
2022-07-05,1163495,8733635,19112,2022-08-01 17:01:44
2022-07-06,1163570,8733921,19114,2022-08-01 17:01:44
2022-07-07,1164326,8735512,19118,2022-08-01 17:01:44
2022-07-08,1164992,8736937,19123,2022-08-01 17:01:44
2022-07-09,1165088,8737304,19126,2022-08-01 17:01:44
2022-07-10,1165144,8737532,19129,2022-08-01 17:01:44
2022-07-11,1166170,8739447,19132,2022-08-01 17:01:44
2022-07-12,1166996,8741124,19138,2022-08-01 17:01:44
2022-07-13,1167802,8742774,19140,2022-08-01 17:01:44
2022-07-14,1168629,8744503,19143,2022-08-01 17:01:44
2022-07-15,1169537,8746272,19147,2022-08-01 17:01:44
2022-07-16,1169645,8746587,19152,2022-08-01 17:01:44
2022-07-17,1169724,8746875,19154,2022-08-01 17:01:44
2022-07-18,1171139,8749295,19159,2022-08-01 17:01:44
2022-07-19,1172276,8751410,19165,2022-08-01 17:01:44
2022-07-20,1173427,8753470,19169,2022-08-01 17:01:44
2022-07-21,1174575,8755666,19174,2022-08-01 17:01:44
2022-07-22,1175784,8757786,19179,2022-08-01 17:01:44
2022-07-23,1175951,8758232,19182,2022-08-01 17:01:44
2022-07-24,1176055,8758544,19187,2022-08-01 17:01:44
2022-07-25,1177938,8761622,19194,2022-08-01 17:01:44
2022-07-26,1179428,8764236,19198,2022-08-01 17:01:44
2022-07-27,1180741,8766593,19205,2022-08-01 17:01:44
2022-07-28,1182035,8769007,19208,2022-08-01 17:01:44
2022-07-29,1183320,8771301,19211,2022-08-01 17:01:44
2022-07-30,1183436,8771736,19212,2022-08-01 17:01:44
2022-07-31,1183536,8771964,19215,2022-08-01 17:01:44
